DataSet, BatchID ,Date , Attribute , Value, DValue
DimSecurity,1,,FW_SEC,0,
DimSecurity,1,,FW_SEC_DUP,-1,
DimCompany,1,,FW_CMP,76,
DimCompany,1,,FW_CMP_DUP,-1,
Financial,1,,FW_FIN,0,
Financial,1,,FW_FIN_DUP,-1,
DimSecurity,1,,FW_SEC,181,
DimSecurity,1,,FW_SEC_DUP,-1,
DimCompany,1,,FW_CMP,12,
DimCompany,1,,FW_CMP_DUP,-1,
Financial,1,,FW_FIN,76,
Financial,1,,FW_FIN_DUP,-1,
DimSecurity,1,,FW_SEC,19,
DimSecurity,1,,FW_SEC_DUP,-1,
DimCompany,1,,FW_CMP,12,
DimCompany,1,,FW_CMP_DUP,-1,
Financial,1,,FW_FIN,85,
Financial,1,,FW_FIN_DUP,-1,
DimSecurity,1,,FW_SEC,19,
DimSecurity,1,,FW_SEC_DUP,-1,
DimCompany,1,,FW_CMP,12,
DimCompany,1,,FW_CMP_DUP,-1,
Financial,1,,FW_FIN,94,
Financial,1,,FW_FIN_DUP,-1,
DimSecurity,1,,FW_SEC,19,
DimSecurity,1,,FW_SEC_DUP,-1,
DimCompany,1,,FW_CMP,12,
DimCompany,1,,FW_CMP_DUP,-1,
Financial,1,,FW_FIN,103,
Financial,1,,FW_FIN_DUP,-1,
DimSecurity,1,,FW_SEC,19,
DimSecurity,1,,FW_SEC_DUP,-1,
DimCompany,1,,FW_CMP,12,
DimCompany,1,,FW_CMP_DUP,-1,
Financial,1,,FW_FIN,112,
Financial,1,,FW_FIN_DUP,-1,
DimSecurity,1,,FW_SEC,19,
DimSecurity,1,,FW_SEC_DUP,-1,
DimCompany,1,,FW_CMP,12,
DimCompany,1,,FW_CMP_DUP,-1,
Financial,1,,FW_FIN,121,
Financial,1,,FW_FIN_DUP,-1,
DimSecurity,1,,FW_SEC,19,
DimSecurity,1,,FW_SEC_DUP,-1,
DimCompany,1,,FW_CMP,12,
DimCompany,1,,FW_CMP_DUP,-1,
Financial,1,,FW_FIN,130,
Financial,1,,FW_FIN_DUP,-1,
DimSecurity,1,,FW_SEC,19,
DimSecurity,1,,FW_SEC_DUP,-1,
DimCompany,1,,FW_CMP,12,
DimCompany,1,,FW_CMP_DUP,-1,
Financial,1,,FW_FIN,139,
Financial,1,,FW_FIN_DUP,-1,
DimSecurity,1,,FW_SEC,19,
DimSecurity,1,,FW_SEC_DUP,-1,
DimCompany,1,,FW_CMP,12,
DimCompany,1,,FW_CMP_DUP,-1,
Financial,1,,FW_FIN,148,
Financial,1,,FW_FIN_DUP,-1,
DimSecurity,1,,FW_SEC,19,
DimSecurity,1,,FW_SEC_DUP,-1,
DimCompany,1,,FW_CMP,12,
DimCompany,1,,FW_CMP_DUP,-1,
Financial,1,,FW_FIN,157,
Financial,1,,FW_FIN_DUP,-1,
DimSecurity,1,,FW_SEC,19,
DimSecurity,1,,FW_SEC_DUP,-1,
DimCompany,1,,FW_CMP,12,
DimCompany,1,,FW_CMP_DUP,-1,
Financial,1,,FW_FIN,166,
Financial,1,,FW_FIN_DUP,-1,
DimSecurity,1,,FW_SEC,19,
DimSecurity,1,,FW_SEC_DUP,-1,
DimCompany,1,,FW_CMP,12,
DimCompany,1,,FW_CMP_DUP,-1,
Financial,1,,FW_FIN,175,
Financial,1,,FW_FIN_DUP,-1,
DimSecurity,1,,FW_SEC,19,
DimSecurity,1,,FW_SEC_DUP,-1,
DimCompany,1,,FW_CMP,12,
DimCompany,1,,FW_CMP_DUP,-1,
Financial,1,,FW_FIN,184,
Financial,1,,FW_FIN_DUP,-1,
DimSecurity,1,,FW_SEC,19,
DimSecurity,1,,FW_SEC_DUP,-1,
DimCompany,1,,FW_CMP,12,
DimCompany,1,,FW_CMP_DUP,-1,
Financial,1,,FW_FIN,193,
Financial,1,,FW_FIN_DUP,-1,
DimSecurity,1,,FW_SEC,19,
DimSecurity,1,,FW_SEC_DUP,-1,
DimCompany,1,,FW_CMP,12,
DimCompany,1,,FW_CMP_DUP,-1,
Financial,1,,FW_FIN,202,
Financial,1,,FW_FIN_DUP,-1,
DimSecurity,1,,FW_SEC,19,
DimSecurity,1,,FW_SEC_DUP,-1,
DimCompany,1,,FW_CMP,12,
DimCompany,1,,FW_CMP_DUP,-1,
Financial,1,,FW_FIN,211,
Financial,1,,FW_FIN_DUP,-1,
DimSecurity,1,,FW_SEC,19,
DimSecurity,1,,FW_SEC_DUP,-1,
DimCompany,1,,FW_CMP,12,
DimCompany,1,,FW_CMP_DUP,-1,
Financial,1,,FW_FIN,220,
Financial,1,,FW_FIN_DUP,-1,
DimSecurity,1,,FW_SEC,19,
DimSecurity,1,,FW_SEC_DUP,-1,
DimCompany,1,,FW_CMP,12,
DimCompany,1,,FW_CMP_DUP,-1,
Financial,1,,FW_FIN,229,
Financial,1,,FW_FIN_DUP,-1,
DimSecurity,1,,FW_SEC,19,
DimSecurity,1,,FW_SEC_DUP,-1,
DimCompany,1,,FW_CMP,12,
DimCompany,1,,FW_CMP_DUP,-1,
Financial,1,,FW_FIN,238,
Financial,1,,FW_FIN_DUP,-1,
DimSecurity,1,,FW_SEC,19,
DimSecurity,1,,FW_SEC_DUP,-1,
DimCompany,1,,FW_CMP,12,
DimCompany,1,,FW_CMP_DUP,-1,
Financial,1,,FW_FIN,247,
Financial,1,,FW_FIN_DUP,-1,
DimSecurity,1,,FW_SEC,19,
DimSecurity,1,,FW_SEC_DUP,-1,
DimCompany,1,,FW_CMP,12,
DimCompany,1,,FW_CMP_DUP,-1,
Financial,1,,FW_FIN,256,
Financial,1,,FW_FIN_DUP,-1,
DimSecurity,1,,FW_SEC,19,
DimSecurity,1,,FW_SEC_DUP,-1,
DimCompany,1,,FW_CMP,12,
DimCompany,1,,FW_CMP_DUP,-1,
Financial,1,,FW_FIN,265,
Financial,1,,FW_FIN_DUP,-1,
DimSecurity,1,,FW_SEC,19,
DimSecurity,1,,FW_SEC_DUP,-1,
DimCompany,1,,FW_CMP,12,
DimCompany,1,,FW_CMP_DUP,-1,
Financial,1,,FW_FIN,274,
Financial,1,,FW_FIN_DUP,-1,
DimSecurity,1,,FW_SEC,19,
DimSecurity,1,,FW_SEC_DUP,-1,
DimCompany,1,,FW_CMP,12,
DimCompany,1,,FW_CMP_DUP,-1,
Financial,1,,FW_FIN,283,
Financial,1,,FW_FIN_DUP,-1,
DimSecurity,1,,FW_SEC,19,
DimSecurity,1,,FW_SEC_DUP,-1,
DimCompany,1,,FW_CMP,12,
DimCompany,1,,FW_CMP_DUP,-1,
Financial,1,,FW_FIN,292,
Financial,1,,FW_FIN_DUP,-1,
DimSecurity,1,,FW_SEC,19,
DimSecurity,1,,FW_SEC_DUP,-1,
DimCompany,1,,FW_CMP,12,
DimCompany,1,,FW_CMP_DUP,-1,
Financial,1,,FW_FIN,301,
Financial,1,,FW_FIN_DUP,-1,
DimSecurity,1,,FW_SEC,19,
DimSecurity,1,,FW_SEC_DUP,-1,
DimCompany,1,,FW_CMP,12,
DimCompany,1,,FW_CMP_DUP,-1,
Financial,1,,FW_FIN,310,
Financial,1,,FW_FIN_DUP,-1,
DimSecurity,1,,FW_SEC,19,
DimSecurity,1,,FW_SEC_DUP,-1,
DimCompany,1,,FW_CMP,12,
DimCompany,1,,FW_CMP_DUP,-1,
Financial,1,,FW_FIN,319,
Financial,1,,FW_FIN_DUP,-1,
DimSecurity,1,,FW_SEC,19,
DimSecurity,1,,FW_SEC_DUP,-1,
DimCompany,1,,FW_CMP,12,
DimCompany,1,,FW_CMP_DUP,-1,
Financial,1,,FW_FIN,328,
Financial,1,,FW_FIN_DUP,-1,
DimSecurity,1,,FW_SEC,19,
DimSecurity,1,,FW_SEC_DUP,-1,
DimCompany,1,,FW_CMP,12,
DimCompany,1,,FW_CMP_DUP,-1,
Financial,1,,FW_FIN,337,
Financial,1,,FW_FIN_DUP,-1,
DimSecurity,1,,FW_SEC,19,
DimSecurity,1,,FW_SEC_DUP,-1,
DimCompany,1,,FW_CMP,12,
DimCompany,1,,FW_CMP_DUP,-1,
Financial,1,,FW_FIN,346,
Financial,1,,FW_FIN_DUP,-1,
DimSecurity,1,,FW_SEC,19,
DimSecurity,1,,FW_SEC_DUP,-1,
DimCompany,1,,FW_CMP,12,
DimCompany,1,,FW_CMP_DUP,-1,
Financial,1,,FW_FIN,355,
Financial,1,,FW_FIN_DUP,-1,
DimSecurity,1,,FW_SEC,19,
DimSecurity,1,,FW_SEC_DUP,-1,
DimCompany,1,,FW_CMP,12,
DimCompany,1,,FW_CMP_DUP,-1,
Financial,1,,FW_FIN,364,
Financial,1,,FW_FIN_DUP,-1,
DimSecurity,1,,FW_SEC,19,
DimSecurity,1,,FW_SEC_DUP,-1,
DimCompany,1,,FW_CMP,12,
DimCompany,1,,FW_CMP_DUP,-1,
Financial,1,,FW_FIN,373,
Financial,1,,FW_FIN_DUP,-1,
DimSecurity,1,,FW_SEC,19,
DimSecurity,1,,FW_SEC_DUP,-1,
DimCompany,1,,FW_CMP,12,
DimCompany,1,,FW_CMP_DUP,-1,
Financial,1,,FW_FIN,382,
Financial,1,,FW_FIN_DUP,-1,
DimSecurity,1,,FW_SEC,19,
DimSecurity,1,,FW_SEC_DUP,-1,
DimCompany,1,,FW_CMP,12,
DimCompany,1,,FW_CMP_DUP,-1,
Financial,1,,FW_FIN,391,
Financial,1,,FW_FIN_DUP,-1,
DimSecurity,1,,FW_SEC,19,
DimSecurity,1,,FW_SEC_DUP,-1,
DimCompany,1,,FW_CMP,12,
DimCompany,1,,FW_CMP_DUP,-1,
Financial,1,,FW_FIN,400,
Financial,1,,FW_FIN_DUP,-1,
DimSecurity,1,,FW_SEC,19,
DimSecurity,1,,FW_SEC_DUP,-1,
DimCompany,1,,FW_CMP,12,
DimCompany,1,,FW_CMP_DUP,-1,
Financial,1,,FW_FIN,409,
Financial,1,,FW_FIN_DUP,-1,
DimSecurity,1,,FW_SEC,19,
DimSecurity,1,,FW_SEC_DUP,-1,
DimCompany,1,,FW_CMP,12,
DimCompany,1,,FW_CMP_DUP,-1,
Financial,1,,FW_FIN,418,
Financial,1,,FW_FIN_DUP,-1,
DimSecurity,1,,FW_SEC,19,
DimSecurity,1,,FW_SEC_DUP,-1,
DimCompany,1,,FW_CMP,12,
DimCompany,1,,FW_CMP_DUP,-1,
Financial,1,,FW_FIN,427,
Financial,1,,FW_FIN_DUP,-1,
DimSecurity,1,,FW_SEC,19,
DimSecurity,1,,FW_SEC_DUP,-1,
DimCompany,1,,FW_CMP,12,
DimCompany,1,,FW_CMP_DUP,-1,
Financial,1,,FW_FIN,436,
Financial,1,,FW_FIN_DUP,-1,
DimSecurity,1,,FW_SEC,19,
DimSecurity,1,,FW_SEC_DUP,-1,
DimCompany,1,,FW_CMP,12,
DimCompany,1,,FW_CMP_DUP,-1,
Financial,1,,FW_FIN,445,
Financial,1,,FW_FIN_DUP,-1,
DimSecurity,1,,FW_SEC,19,
DimSecurity,1,,FW_SEC_DUP,-1,
DimCompany,1,,FW_CMP,12,
DimCompany,1,,FW_CMP_DUP,-1,
Financial,1,,FW_FIN,454,
Financial,1,,FW_FIN_DUP,-1,
DimSecurity,1,,FW_SEC,19,
DimSecurity,1,,FW_SEC_DUP,-1,
DimCompany,1,,FW_CMP,12,
DimCompany,1,,FW_CMP_DUP,-1,
Financial,1,,FW_FIN,463,
Financial,1,,FW_FIN_DUP,-1,
DimSecurity,1,,FW_SEC,19,
DimSecurity,1,,FW_SEC_DUP,-1,
DimCompany,1,,FW_CMP,12,
DimCompany,1,,FW_CMP_DUP,-1,
Financial,1,,FW_FIN,472,
Financial,1,,FW_FIN_DUP,-1,
DimSecurity,1,,FW_SEC,19,
DimSecurity,1,,FW_SEC_DUP,-1,
DimCompany,1,,FW_CMP,12,
DimCompany,1,,FW_CMP_DUP,-1,
Financial,1,,FW_FIN,481,
Financial,1,,FW_FIN_DUP,-1,
DimSecurity,1,,FW_SEC,19,
DimSecurity,1,,FW_SEC_DUP,-1,
DimCompany,1,,FW_CMP,12,
DimCompany,1,,FW_CMP_DUP,-1,
Financial,1,,FW_FIN,490,
Financial,1,,FW_FIN_DUP,-1,
DimSecurity,1,,FW_SEC,19,
DimSecurity,1,,FW_SEC_DUP,-1,
DimCompany,1,,FW_CMP,12,
DimCompany,1,,FW_CMP_DUP,-1,
Financial,1,,FW_FIN,499,
Financial,1,,FW_FIN_DUP,-1,
DimSecurity,1,,FW_SEC,19,
DimSecurity,1,,FW_SEC_DUP,-1,
DimCompany,1,,FW_CMP,12,
DimCompany,1,,FW_CMP_DUP,-1,
Financial,1,,FW_FIN,508,
Financial,1,,FW_FIN_DUP,-1,
DimSecurity,1,,FW_SEC,19,
DimSecurity,1,,FW_SEC_DUP,-1,
DimCompany,1,,FW_CMP,12,
DimCompany,1,,FW_CMP_DUP,-1,
Financial,1,,FW_FIN,517,
Financial,1,,FW_FIN_DUP,-1,
DimSecurity,1,,FW_SEC,19,
DimSecurity,1,,FW_SEC_DUP,-1,
DimCompany,1,,FW_CMP,12,
DimCompany,1,,FW_CMP_DUP,-1,
Financial,1,,FW_FIN,526,
Financial,1,,FW_FIN_DUP,-1,
DimSecurity,1,,FW_SEC,19,
DimSecurity,1,,FW_SEC_DUP,-1,
DimCompany,1,,FW_CMP,12,
DimCompany,1,,FW_CMP_DUP,-1,
Financial,1,,FW_FIN,535,
Financial,1,,FW_FIN_DUP,-1,
DimSecurity,1,,FW_SEC,19,
DimSecurity,1,,FW_SEC_DUP,-1,
DimCompany,1,,FW_CMP,12,
DimCompany,1,,FW_CMP_DUP,-1,
Financial,1,,FW_FIN,544,
Financial,1,,FW_FIN_DUP,-1,
DimSecurity,1,,FW_SEC,19,
DimSecurity,1,,FW_SEC_DUP,-1,
DimCompany,1,,FW_CMP,12,
DimCompany,1,,FW_CMP_DUP,-1,
Financial,1,,FW_FIN,553,
Financial,1,,FW_FIN_DUP,-1,
DimSecurity,1,,FW_SEC,19,
DimSecurity,1,,FW_SEC_DUP,-1,
DimCompany,1,,FW_CMP,12,
DimCompany,1,,FW_CMP_DUP,-1,
Financial,1,,FW_FIN,562,
Financial,1,,FW_FIN_DUP,-1,
DimSecurity,1,,FW_SEC,19,
DimSecurity,1,,FW_SEC_DUP,-1,
DimCompany,1,,FW_CMP,12,
DimCompany,1,,FW_CMP_DUP,-1,
Financial,1,,FW_FIN,571,
Financial,1,,FW_FIN_DUP,-1,
DimSecurity,1,,FW_SEC,19,
DimSecurity,1,,FW_SEC_DUP,-1,
DimCompany,1,,FW_CMP,12,
DimCompany,1,,FW_CMP_DUP,-1,
Financial,1,,FW_FIN,580,
Financial,1,,FW_FIN_DUP,-1,
DimSecurity,1,,FW_SEC,19,
DimSecurity,1,,FW_SEC_DUP,-1,
DimCompany,1,,FW_CMP,12,
DimCompany,1,,FW_CMP_DUP,-1,
Financial,1,,FW_FIN,589,
Financial,1,,FW_FIN_DUP,-1,
DimSecurity,1,,FW_SEC,19,
DimSecurity,1,,FW_SEC_DUP,-1,
DimCompany,1,,FW_CMP,12,
DimCompany,1,,FW_CMP_DUP,-1,
Financial,1,,FW_FIN,598,
Financial,1,,FW_FIN_DUP,-1,
DimSecurity,1,,FW_SEC,19,
DimSecurity,1,,FW_SEC_DUP,-1,
DimCompany,1,,FW_CMP,12,
DimCompany,1,,FW_CMP_DUP,-1,
Financial,1,,FW_FIN,607,
Financial,1,,FW_FIN_DUP,-1,
DimSecurity,1,,FW_SEC,19,
DimSecurity,1,,FW_SEC_DUP,-1,
DimCompany,1,,FW_CMP,12,
DimCompany,1,,FW_CMP_DUP,-1,
Financial,1,,FW_FIN,616,
Financial,1,,FW_FIN_DUP,-1,
DimSecurity,1,,FW_SEC,19,
DimSecurity,1,,FW_SEC_DUP,-1,
DimCompany,1,,FW_CMP,12,
DimCompany,1,,FW_CMP_DUP,-1,
Financial,1,,FW_FIN,625,
Financial,1,,FW_FIN_DUP,-1,
DimSecurity,1,,FW_SEC,19,
DimSecurity,1,,FW_SEC_DUP,-1,
DimCompany,1,,FW_CMP,12,
DimCompany,1,,FW_CMP_DUP,-1,
Financial,1,,FW_FIN,634,
Financial,1,,FW_FIN_DUP,-1,
DimSecurity,1,,FW_SEC,19,
DimSecurity,1,,FW_SEC_DUP,-1,
DimCompany,1,,FW_CMP,12,
DimCompany,1,,FW_CMP_DUP,-1,
Financial,1,,FW_FIN,643,
Financial,1,,FW_FIN_DUP,-1,
DimSecurity,1,,FW_SEC,19,
DimSecurity,1,,FW_SEC_DUP,-1,
DimCompany,1,,FW_CMP,12,
DimCompany,1,,FW_CMP_DUP,-1,
Financial,1,,FW_FIN,652,
Financial,1,,FW_FIN_DUP,-1,
DimSecurity,1,,FW_SEC,19,
DimSecurity,1,,FW_SEC_DUP,-1,
DimCompany,1,,FW_CMP,12,
DimCompany,1,,FW_CMP_DUP,-1,
Financial,1,,FW_FIN,661,
Financial,1,,FW_FIN_DUP,-1,
DimSecurity,1,,FW_SEC,19,
DimSecurity,1,,FW_SEC_DUP,-1,
DimCompany,1,,FW_CMP,12,
DimCompany,1,,FW_CMP_DUP,-1,
Financial,1,,FW_FIN,670,
Financial,1,,FW_FIN_DUP,-1,
DimSecurity,1,,FW_SEC,19,
DimSecurity,1,,FW_SEC_DUP,-1,
DimCompany,1,,FW_CMP,12,
DimCompany,1,,FW_CMP_DUP,-1,
Financial,1,,FW_FIN,679,
Financial,1,,FW_FIN_DUP,-1,
DimSecurity,1,,FW_SEC,19,
DimSecurity,1,,FW_SEC_DUP,-1,
DimCompany,1,,FW_CMP,12,
DimCompany,1,,FW_CMP_DUP,-1,
Financial,1,,FW_FIN,688,
Financial,1,,FW_FIN_DUP,-1,
DimSecurity,1,,FW_SEC,19,
DimSecurity,1,,FW_SEC_DUP,-1,
DimCompany,1,,FW_CMP,12,
DimCompany,1,,FW_CMP_DUP,-1,
Financial,1,,FW_FIN,697,
Financial,1,,FW_FIN_DUP,-1,
DimSecurity,1,,FW_SEC,19,
DimSecurity,1,,FW_SEC_DUP,-1,
DimCompany,1,,FW_CMP,12,
DimCompany,1,,FW_CMP_DUP,-1,
Financial,1,,FW_FIN,706,
Financial,1,,FW_FIN_DUP,-1,
DimSecurity,1,,FW_SEC,19,
DimSecurity,1,,FW_SEC_DUP,-1,
DimCompany,1,,FW_CMP,12,
DimCompany,1,,FW_CMP_DUP,-1,
Financial,1,,FW_FIN,715,
Financial,1,,FW_FIN_DUP,-1,
DimSecurity,1,,FW_SEC,19,
DimSecurity,1,,FW_SEC_DUP,-1,
DimCompany,1,,FW_CMP,12,
DimCompany,1,,FW_CMP_DUP,-1,
Financial,1,,FW_FIN,724,
Financial,1,,FW_FIN_DUP,-1,
DimSecurity,1,,FW_SEC,19,
DimSecurity,1,,FW_SEC_DUP,-1,
DimCompany,1,,FW_CMP,12,
DimCompany,1,,FW_CMP_DUP,-1,
Financial,1,,FW_FIN,733,
Financial,1,,FW_FIN_DUP,-1,
DimSecurity,1,,FW_SEC,19,
DimSecurity,1,,FW_SEC_DUP,-1,
DimCompany,1,,FW_CMP,12,
DimCompany,1,,FW_CMP_DUP,-1,
Financial,1,,FW_FIN,742,
Financial,1,,FW_FIN_DUP,-1,
DimSecurity,1,,FW_SEC,19,
DimSecurity,1,,FW_SEC_DUP,-1,
DimCompany,1,,FW_CMP,12,
DimCompany,1,,FW_CMP_DUP,-1,
Financial,1,,FW_FIN,751,
Financial,1,,FW_FIN_DUP,-1,
DimSecurity,1,,FW_SEC,19,
DimSecurity,1,,FW_SEC_DUP,-1,
DimCompany,1,,FW_CMP,12,
DimCompany,1,,FW_CMP_DUP,-1,
Financial,1,,FW_FIN,760,
Financial,1,,FW_FIN_DUP,-1,
DimSecurity,1,,FW_SEC,19,
DimSecurity,1,,FW_SEC_DUP,-1,
DimCompany,1,,FW_CMP,12,
DimCompany,1,,FW_CMP_DUP,-1,
Financial,1,,FW_FIN,769,
Financial,1,,FW_FIN_DUP,-1,
DimSecurity,1,,FW_SEC,19,
DimSecurity,1,,FW_SEC_DUP,-1,
DimCompany,1,,FW_CMP,12,
DimCompany,1,,FW_CMP_DUP,-1,
Financial,1,,FW_FIN,778,
Financial,1,,FW_FIN_DUP,-1,
DimSecurity,1,,FW_SEC,19,
DimSecurity,1,,FW_SEC_DUP,-1,
DimCompany,1,,FW_CMP,12,
DimCompany,1,,FW_CMP_DUP,-1,
Financial,1,,FW_FIN,787,
Financial,1,,FW_FIN_DUP,-1,
DimSecurity,1,,FW_SEC,19,
DimSecurity,1,,FW_SEC_DUP,-1,
DimCompany,1,,FW_CMP,12,
DimCompany,1,,FW_CMP_DUP,-1,
Financial,1,,FW_FIN,796,
Financial,1,,FW_FIN_DUP,-1,
DimSecurity,1,,FW_SEC,19,
DimSecurity,1,,FW_SEC_DUP,-1,
DimCompany,1,,FW_CMP,12,
DimCompany,1,,FW_CMP_DUP,-1,
Financial,1,,FW_FIN,805,
Financial,1,,FW_FIN_DUP,-1,
DimSecurity,1,,FW_SEC,19,
DimSecurity,1,,FW_SEC_DUP,-1,
DimCompany,1,,FW_CMP,12,
DimCompany,1,,FW_CMP_DUP,-1,
Financial,1,,FW_FIN,814,
Financial,1,,FW_FIN_DUP,-1,
DimSecurity,1,,FW_SEC,19,
DimSecurity,1,,FW_SEC_DUP,-1,
DimCompany,1,,FW_CMP,12,
DimCompany,1,,FW_CMP_DUP,-1,
Financial,1,,FW_FIN,823,
Financial,1,,FW_FIN_DUP,-1,
DimSecurity,1,,FW_SEC,19,
DimSecurity,1,,FW_SEC_DUP,-1,
DimCompany,1,,FW_CMP,12,
DimCompany,1,,FW_CMP_DUP,-1,
Financial,1,,FW_FIN,832,
Financial,1,,FW_FIN_DUP,-1,
DimSecurity,1,,FW_SEC,19,
DimSecurity,1,,FW_SEC_DUP,-1,
DimCompany,1,,FW_CMP,12,
DimCompany,1,,FW_CMP_DUP,-1,
Financial,1,,FW_FIN,841,
Financial,1,,FW_FIN_DUP,-1,
DimSecurity,1,,FW_SEC,19,
DimSecurity,1,,FW_SEC_DUP,-1,
DimCompany,1,,FW_CMP,12,
DimCompany,1,,FW_CMP_DUP,-1,
Financial,1,,FW_FIN,850,
Financial,1,,FW_FIN_DUP,-1,
DimSecurity,1,,FW_SEC,19,
DimSecurity,1,,FW_SEC_DUP,-1,
DimCompany,1,,FW_CMP,12,
DimCompany,1,,FW_CMP_DUP,-1,
Financial,1,,FW_FIN,859,
Financial,1,,FW_FIN_DUP,-1,
DimSecurity,1,,FW_SEC,19,
DimSecurity,1,,FW_SEC_DUP,-1,
DimCompany,1,,FW_CMP,12,
DimCompany,1,,FW_CMP_DUP,-1,
Financial,1,,FW_FIN,868,
Financial,1,,FW_FIN_DUP,-1,
DimSecurity,1,,FW_SEC,19,
DimSecurity,1,,FW_SEC_DUP,-1,
DimCompany,1,,FW_CMP,12,
DimCompany,1,,FW_CMP_DUP,-1,
Financial,1,,FW_FIN,877,
Financial,1,,FW_FIN_DUP,-1,
DimSecurity,1,,FW_SEC,19,
DimSecurity,1,,FW_SEC_DUP,-1,
DimCompany,1,,FW_CMP,12,
DimCompany,1,,FW_CMP_DUP,-1,
Financial,1,,FW_FIN,886,
Financial,1,,FW_FIN_DUP,-1,
DimSecurity,1,,FW_SEC,19,
DimSecurity,1,,FW_SEC_DUP,-1,
DimCompany,1,,FW_CMP,12,
DimCompany,1,,FW_CMP_DUP,-1,
Financial,1,,FW_FIN,895,
Financial,1,,FW_FIN_DUP,-1,
DimSecurity,1,,FW_SEC,19,
DimSecurity,1,,FW_SEC_DUP,-1,
DimCompany,1,,FW_CMP,12,
DimCompany,1,,FW_CMP_DUP,-1,
Financial,1,,FW_FIN,904,
Financial,1,,FW_FIN_DUP,-1,
DimSecurity,1,,FW_SEC,19,
DimSecurity,1,,FW_SEC_DUP,-1,
DimCompany,1,,FW_CMP,12,
DimCompany,1,,FW_CMP_DUP,-1,
Financial,1,,FW_FIN,913,
Financial,1,,FW_FIN_DUP,-1,
DimSecurity,1,,FW_SEC,19,
DimSecurity,1,,FW_SEC_DUP,-1,
DimCompany,1,,FW_CMP,12,
DimCompany,1,,FW_CMP_DUP,-1,
Financial,1,,FW_FIN,922,
Financial,1,,FW_FIN_DUP,-1,
DimSecurity,1,,FW_SEC,19,
DimSecurity,1,,FW_SEC_DUP,-1,
DimCompany,1,,FW_CMP,12,
DimCompany,1,,FW_CMP_DUP,-1,
Financial,1,,FW_FIN,931,
Financial,1,,FW_FIN_DUP,-1,
DimSecurity,1,,FW_SEC,19,
DimSecurity,1,,FW_SEC_DUP,-1,
DimCompany,1,,FW_CMP,12,
DimCompany,1,,FW_CMP_DUP,-1,
Financial,1,,FW_FIN,940,
Financial,1,,FW_FIN_DUP,-1,
DimSecurity,1,,FW_SEC,19,
DimSecurity,1,,FW_SEC_DUP,-1,
DimCompany,1,,FW_CMP,12,
DimCompany,1,,FW_CMP_DUP,-1,
Financial,1,,FW_FIN,949,
Financial,1,,FW_FIN_DUP,-1,
DimSecurity,1,,FW_SEC,19,
DimSecurity,1,,FW_SEC_DUP,-1,
DimCompany,1,,FW_CMP,12,
DimCompany,1,,FW_CMP_DUP,-1,
Financial,1,,FW_FIN,958,
Financial,1,,FW_FIN_DUP,-1,
DimSecurity,1,,FW_SEC,19,
DimSecurity,1,,FW_SEC_DUP,-1,
DimCompany,1,,FW_CMP,12,
DimCompany,1,,FW_CMP_DUP,-1,
Financial,1,,FW_FIN,967,
Financial,1,,FW_FIN_DUP,-1,
DimSecurity,1,,FW_SEC,19,
DimSecurity,1,,FW_SEC_DUP,-1,
DimCompany,1,,FW_CMP,12,
DimCompany,1,,FW_CMP_DUP,-1,
Financial,1,,FW_FIN,976,
Financial,1,,FW_FIN_DUP,-1,
DimSecurity,1,,FW_SEC,19,
DimSecurity,1,,FW_SEC_DUP,-1,
DimCompany,1,,FW_CMP,12,
DimCompany,1,,FW_CMP_DUP,-1,
Financial,1,,FW_FIN,985,
Financial,1,,FW_FIN_DUP,-1,
DimSecurity,1,,FW_SEC,19,
DimSecurity,1,,FW_SEC_DUP,-1,
DimCompany,1,,FW_CMP,12,
DimCompany,1,,FW_CMP_DUP,-1,
Financial,1,,FW_FIN,994,
Financial,1,,FW_FIN_DUP,-1,
DimSecurity,1,,FW_SEC,19,
DimSecurity,1,,FW_SEC_DUP,-1,
DimCompany,1,,FW_CMP,12,
DimCompany,1,,FW_CMP_DUP,-1,
Financial,1,,FW_FIN,1003,
Financial,1,,FW_FIN_DUP,-1,
DimSecurity,1,,FW_SEC,19,
DimSecurity,1,,FW_SEC_DUP,-1,
DimCompany,1,,FW_CMP,12,
DimCompany,1,,FW_CMP_DUP,-1,
Financial,1,,FW_FIN,1012,
Financial,1,,FW_FIN_DUP,-1,
DimSecurity,1,,FW_SEC,19,
DimSecurity,1,,FW_SEC_DUP,-1,
DimCompany,1,,FW_CMP,12,
DimCompany,1,,FW_CMP_DUP,-1,
Financial,1,,FW_FIN,1021,
Financial,1,,FW_FIN_DUP,-1,
DimSecurity,1,,FW_SEC,19,
DimSecurity,1,,FW_SEC_DUP,-1,
DimCompany,1,,FW_CMP,12,
DimCompany,1,,FW_CMP_DUP,-1,
Financial,1,,FW_FIN,1030,
Financial,1,,FW_FIN_DUP,-1,
DimSecurity,1,,FW_SEC,19,
DimSecurity,1,,FW_SEC_DUP,-1,
DimCompany,1,,FW_CMP,12,
DimCompany,1,,FW_CMP_DUP,-1,
Financial,1,,FW_FIN,1039,
Financial,1,,FW_FIN_DUP,-1,
DimSecurity,1,,FW_SEC,19,
DimSecurity,1,,FW_SEC_DUP,-1,
DimCompany,1,,FW_CMP,12,
DimCompany,1,,FW_CMP_DUP,-1,
Financial,1,,FW_FIN,1048,
Financial,1,,FW_FIN_DUP,-1,
DimSecurity,1,,FW_SEC,19,
DimSecurity,1,,FW_SEC_DUP,-1,
DimCompany,1,,FW_CMP,12,
DimCompany,1,,FW_CMP_DUP,-1,
Financial,1,,FW_FIN,1057,
Financial,1,,FW_FIN_DUP,-1,
DimSecurity,1,,FW_SEC,19,
DimSecurity,1,,FW_SEC_DUP,-1,
DimCompany,1,,FW_CMP,12,
DimCompany,1,,FW_CMP_DUP,-1,
Financial,1,,FW_FIN,1066,
Financial,1,,FW_FIN_DUP,-1,
DimSecurity,1,,FW_SEC,19,
DimSecurity,1,,FW_SEC_DUP,-1,
DimCompany,1,,FW_CMP,12,
DimCompany,1,,FW_CMP_DUP,-1,
Financial,1,,FW_FIN,1075,
Financial,1,,FW_FIN_DUP,-1,
DimSecurity,1,,FW_SEC,19,
DimSecurity,1,,FW_SEC_DUP,-1,
DimCompany,1,,FW_CMP,12,
DimCompany,1,,FW_CMP_DUP,-1,
Financial,1,,FW_FIN,1084,
Financial,1,,FW_FIN_DUP,-1,
DimSecurity,1,,FW_SEC,19,
DimSecurity,1,,FW_SEC_DUP,-1,
DimCompany,1,,FW_CMP,12,
DimCompany,1,,FW_CMP_DUP,-1,
Financial,1,,FW_FIN,1093,
Financial,1,,FW_FIN_DUP,-1,
DimSecurity,1,,FW_SEC,19,
DimSecurity,1,,FW_SEC_DUP,-1,
DimCompany,1,,FW_CMP,12,
DimCompany,1,,FW_CMP_DUP,-1,
Financial,1,,FW_FIN,1102,
Financial,1,,FW_FIN_DUP,-1,
DimSecurity,1,,FW_SEC,19,
DimSecurity,1,,FW_SEC_DUP,-1,
DimCompany,1,,FW_CMP,12,
DimCompany,1,,FW_CMP_DUP,-1,
Financial,1,,FW_FIN,1111,
Financial,1,,FW_FIN_DUP,-1,
DimSecurity,1,,FW_SEC,19,
DimSecurity,1,,FW_SEC_DUP,-1,
DimCompany,1,,FW_CMP,12,
DimCompany,1,,FW_CMP_DUP,-1,
Financial,1,,FW_FIN,1120,
Financial,1,,FW_FIN_DUP,-1,
DimSecurity,1,,FW_SEC,19,
DimSecurity,1,,FW_SEC_DUP,-1,
DimCompany,1,,FW_CMP,12,
DimCompany,1,,FW_CMP_DUP,-1,
Financial,1,,FW_FIN,1129,
Financial,1,,FW_FIN_DUP,-1,
DimSecurity,1,,FW_SEC,19,
DimSecurity,1,,FW_SEC_DUP,-1,
DimCompany,1,,FW_CMP,12,
DimCompany,1,,FW_CMP_DUP,-1,
Financial,1,,FW_FIN,1138,
Financial,1,,FW_FIN_DUP,-1,
DimSecurity,1,,FW_SEC,19,
DimSecurity,1,,FW_SEC_DUP,-1,
DimCompany,1,,FW_CMP,12,
DimCompany,1,,FW_CMP_DUP,-1,
Financial,1,,FW_FIN,1147,
Financial,1,,FW_FIN_DUP,-1,
DimSecurity,1,,FW_SEC,19,
DimSecurity,1,,FW_SEC_DUP,-1,
DimCompany,1,,FW_CMP,12,
DimCompany,1,,FW_CMP_DUP,-1,
Financial,1,,FW_FIN,1156,
Financial,1,,FW_FIN_DUP,-1,
DimSecurity,1,,FW_SEC,19,
DimSecurity,1,,FW_SEC_DUP,-1,
DimCompany,1,,FW_CMP,12,
DimCompany,1,,FW_CMP_DUP,-1,
Financial,1,,FW_FIN,1165,
Financial,1,,FW_FIN_DUP,-1,
DimSecurity,1,,FW_SEC,19,
DimSecurity,1,,FW_SEC_DUP,-1,
DimCompany,1,,FW_CMP,12,
DimCompany,1,,FW_CMP_DUP,-1,
Financial,1,,FW_FIN,1174,
Financial,1,,FW_FIN_DUP,-1,
DimSecurity,1,,FW_SEC,19,
DimSecurity,1,,FW_SEC_DUP,-1,
DimCompany,1,,FW_CMP,12,
DimCompany,1,,FW_CMP_DUP,-1,
Financial,1,,FW_FIN,1183,
Financial,1,,FW_FIN_DUP,-1,
DimSecurity,1,,FW_SEC,19,
DimSecurity,1,,FW_SEC_DUP,-1,
DimCompany,1,,FW_CMP,12,
DimCompany,1,,FW_CMP_DUP,-1,
Financial,1,,FW_FIN,1192,
Financial,1,,FW_FIN_DUP,-1,
DimSecurity,1,,FW_SEC,19,
DimSecurity,1,,FW_SEC_DUP,-1,
DimCompany,1,,FW_CMP,12,
DimCompany,1,,FW_CMP_DUP,-1,
Financial,1,,FW_FIN,1201,
Financial,1,,FW_FIN_DUP,-1,
DimSecurity,1,,FW_SEC,19,
DimSecurity,1,,FW_SEC_DUP,-1,
DimCompany,1,,FW_CMP,12,
DimCompany,1,,FW_CMP_DUP,-1,
Financial,1,,FW_FIN,1210,
Financial,1,,FW_FIN_DUP,-1,
DimSecurity,1,,FW_SEC,19,
DimSecurity,1,,FW_SEC_DUP,-1,
DimCompany,1,,FW_CMP,12,
DimCompany,1,,FW_CMP_DUP,-1,
Financial,1,,FW_FIN,1219,
Financial,1,,FW_FIN_DUP,-1,
DimSecurity,1,,FW_SEC,19,
DimSecurity,1,,FW_SEC_DUP,-1,
DimCompany,1,,FW_CMP,12,
DimCompany,1,,FW_CMP_DUP,-1,
Financial,1,,FW_FIN,1228,
Financial,1,,FW_FIN_DUP,-1,
DimSecurity,1,,FW_SEC,19,
DimSecurity,1,,FW_SEC_DUP,-1,
DimCompany,1,,FW_CMP,12,
DimCompany,1,,FW_CMP_DUP,-1,
Financial,1,,FW_FIN,1237,
Financial,1,,FW_FIN_DUP,-1,
DimSecurity,1,,FW_SEC,19,
DimSecurity,1,,FW_SEC_DUP,-1,
DimCompany,1,,FW_CMP,12,
DimCompany,1,,FW_CMP_DUP,-1,
Financial,1,,FW_FIN,1246,
Financial,1,,FW_FIN_DUP,-1,
DimSecurity,1,,FW_SEC,19,
DimSecurity,1,,FW_SEC_DUP,-1,
DimCompany,1,,FW_CMP,12,
DimCompany,1,,FW_CMP_DUP,-1,
Financial,1,,FW_FIN,1255,
Financial,1,,FW_FIN_DUP,-1,
DimSecurity,1,,FW_SEC,19,
DimSecurity,1,,FW_SEC_DUP,-1,
DimCompany,1,,FW_CMP,12,
DimCompany,1,,FW_CMP_DUP,-1,
Financial,1,,FW_FIN,1264,
Financial,1,,FW_FIN_DUP,-1,
DimSecurity,1,,FW_SEC,19,
DimSecurity,1,,FW_SEC_DUP,-1,
DimCompany,1,,FW_CMP,12,
DimCompany,1,,FW_CMP_DUP,-1,
Financial,1,,FW_FIN,1273,
Financial,1,,FW_FIN_DUP,-1,
DimSecurity,1,,FW_SEC,19,
DimSecurity,1,,FW_SEC_DUP,-1,
DimCompany,1,,FW_CMP,12,
DimCompany,1,,FW_CMP_DUP,-1,
Financial,1,,FW_FIN,1282,
Financial,1,,FW_FIN_DUP,-1,
DimSecurity,1,,FW_SEC,19,
DimSecurity,1,,FW_SEC_DUP,-1,
DimCompany,1,,FW_CMP,12,
DimCompany,1,,FW_CMP_DUP,-1,
Financial,1,,FW_FIN,1291,
Financial,1,,FW_FIN_DUP,-1,
DimSecurity,1,,FW_SEC,19,
DimSecurity,1,,FW_SEC_DUP,-1,
DimCompany,1,,FW_CMP,12,
DimCompany,1,,FW_CMP_DUP,-1,
Financial,1,,FW_FIN,1300,
Financial,1,,FW_FIN_DUP,-1,
DimSecurity,1,,FW_SEC,19,
DimSecurity,1,,FW_SEC_DUP,-1,
DimCompany,1,,FW_CMP,12,
DimCompany,1,,FW_CMP_DUP,-1,
Financial,1,,FW_FIN,1309,
Financial,1,,FW_FIN_DUP,-1,
DimSecurity,1,,FW_SEC,19,
DimSecurity,1,,FW_SEC_DUP,-1,
DimCompany,1,,FW_CMP,12,
DimCompany,1,,FW_CMP_DUP,-1,
Financial,1,,FW_FIN,1318,
Financial,1,,FW_FIN_DUP,-1,
DimSecurity,1,,FW_SEC,19,
DimSecurity,1,,FW_SEC_DUP,-1,
DimCompany,1,,FW_CMP,12,
DimCompany,1,,FW_CMP_DUP,-1,
Financial,1,,FW_FIN,1327,
Financial,1,,FW_FIN_DUP,-1,
DimSecurity,1,,FW_SEC,19,
DimSecurity,1,,FW_SEC_DUP,-1,
DimCompany,1,,FW_CMP,12,
DimCompany,1,,FW_CMP_DUP,-1,
Financial,1,,FW_FIN,1336,
Financial,1,,FW_FIN_DUP,-1,
DimSecurity,1,,FW_SEC,19,
DimSecurity,1,,FW_SEC_DUP,-1,
DimCompany,1,,FW_CMP,12,
DimCompany,1,,FW_CMP_DUP,-1,
Financial,1,,FW_FIN,1345,
Financial,1,,FW_FIN_DUP,-1,
DimSecurity,1,,FW_SEC,19,
DimSecurity,1,,FW_SEC_DUP,-1,
DimCompany,1,,FW_CMP,12,
DimCompany,1,,FW_CMP_DUP,-1,
Financial,1,,FW_FIN,1354,
Financial,1,,FW_FIN_DUP,-1,
DimSecurity,1,,FW_SEC,19,
DimSecurity,1,,FW_SEC_DUP,-1,
DimCompany,1,,FW_CMP,12,
DimCompany,1,,FW_CMP_DUP,-1,
Financial,1,,FW_FIN,1363,
Financial,1,,FW_FIN_DUP,-1,
DimSecurity,1,,FW_SEC,19,
DimSecurity,1,,FW_SEC_DUP,-1,
DimCompany,1,,FW_CMP,12,
DimCompany,1,,FW_CMP_DUP,-1,
Financial,1,,FW_FIN,1372,
Financial,1,,FW_FIN_DUP,-1,
DimSecurity,1,,FW_SEC,19,
DimSecurity,1,,FW_SEC_DUP,-1,
DimCompany,1,,FW_CMP,12,
DimCompany,1,,FW_CMP_DUP,-1,
Financial,1,,FW_FIN,1381,
Financial,1,,FW_FIN_DUP,-1,
DimSecurity,1,,FW_SEC,19,
DimSecurity,1,,FW_SEC_DUP,-1,
DimCompany,1,,FW_CMP,12,
DimCompany,1,,FW_CMP_DUP,-1,
Financial,1,,FW_FIN,1390,
Financial,1,,FW_FIN_DUP,-1,
DimSecurity,1,,FW_SEC,19,
DimSecurity,1,,FW_SEC_DUP,-1,
DimCompany,1,,FW_CMP,12,
DimCompany,1,,FW_CMP_DUP,-1,
Financial,1,,FW_FIN,1399,
Financial,1,,FW_FIN_DUP,-1,
DimSecurity,1,,FW_SEC,19,
DimSecurity,1,,FW_SEC_DUP,-1,
DimCompany,1,,FW_CMP,12,
DimCompany,1,,FW_CMP_DUP,-1,
Financial,1,,FW_FIN,1408,
Financial,1,,FW_FIN_DUP,-1,
DimSecurity,1,,FW_SEC,19,
DimSecurity,1,,FW_SEC_DUP,-1,
DimCompany,1,,FW_CMP,12,
DimCompany,1,,FW_CMP_DUP,-1,
Financial,1,,FW_FIN,1417,
Financial,1,,FW_FIN_DUP,-1,
DimSecurity,1,,FW_SEC,19,
DimSecurity,1,,FW_SEC_DUP,-1,
DimCompany,1,,FW_CMP,12,
DimCompany,1,,FW_CMP_DUP,-1,
Financial,1,,FW_FIN,1426,
Financial,1,,FW_FIN_DUP,-1,
DimSecurity,1,,FW_SEC,19,
DimSecurity,1,,FW_SEC_DUP,-1,
DimCompany,1,,FW_CMP,12,
DimCompany,1,,FW_CMP_DUP,-1,
Financial,1,,FW_FIN,1435,
Financial,1,,FW_FIN_DUP,-1,
DimSecurity,1,,FW_SEC,19,
DimSecurity,1,,FW_SEC_DUP,-1,
DimCompany,1,,FW_CMP,12,
DimCompany,1,,FW_CMP_DUP,-1,
Financial,1,,FW_FIN,1444,
Financial,1,,FW_FIN_DUP,-1,
DimSecurity,1,,FW_SEC,19,
DimSecurity,1,,FW_SEC_DUP,-1,
DimCompany,1,,FW_CMP,12,
DimCompany,1,,FW_CMP_DUP,-1,
Financial,1,,FW_FIN,1453,
Financial,1,,FW_FIN_DUP,-1,
DimSecurity,1,,FW_SEC,19,
DimSecurity,1,,FW_SEC_DUP,-1,
DimCompany,1,,FW_CMP,12,
DimCompany,1,,FW_CMP_DUP,-1,
Financial,1,,FW_FIN,1462,
Financial,1,,FW_FIN_DUP,-1,
DimSecurity,1,,FW_SEC,19,
DimSecurity,1,,FW_SEC_DUP,-1,
DimCompany,1,,FW_CMP,12,
DimCompany,1,,FW_CMP_DUP,-1,
Financial,1,,FW_FIN,1471,
Financial,1,,FW_FIN_DUP,-1,
DimSecurity,1,,FW_SEC,19,
DimSecurity,1,,FW_SEC_DUP,-1,
DimCompany,1,,FW_CMP,12,
DimCompany,1,,FW_CMP_DUP,-1,
Financial,1,,FW_FIN,1480,
Financial,1,,FW_FIN_DUP,-1,
DimSecurity,1,,FW_SEC,19,
DimSecurity,1,,FW_SEC_DUP,-1,
DimCompany,1,,FW_CMP,12,
DimCompany,1,,FW_CMP_DUP,-1,
Financial,1,,FW_FIN,1489,
Financial,1,,FW_FIN_DUP,-1,
DimSecurity,1,,FW_SEC,19,
DimSecurity,1,,FW_SEC_DUP,-1,
DimCompany,1,,FW_CMP,12,
DimCompany,1,,FW_CMP_DUP,-1,
Financial,1,,FW_FIN,1498,
Financial,1,,FW_FIN_DUP,-1,
DimSecurity,1,,FW_SEC,19,
DimSecurity,1,,FW_SEC_DUP,-1,
DimCompany,1,,FW_CMP,12,
DimCompany,1,,FW_CMP_DUP,-1,
Financial,1,,FW_FIN,1507,
Financial,1,,FW_FIN_DUP,-1,
DimSecurity,1,,FW_SEC,19,
DimSecurity,1,,FW_SEC_DUP,-1,
DimCompany,1,,FW_CMP,12,
DimCompany,1,,FW_CMP_DUP,-1,
Financial,1,,FW_FIN,1516,
Financial,1,,FW_FIN_DUP,-1,
DimSecurity,1,,FW_SEC,19,
DimSecurity,1,,FW_SEC_DUP,-1,
DimCompany,1,,FW_CMP,12,
DimCompany,1,,FW_CMP_DUP,-1,
Financial,1,,FW_FIN,1525,
Financial,1,,FW_FIN_DUP,-1,
DimSecurity,1,,FW_SEC,19,
DimSecurity,1,,FW_SEC_DUP,-1,
DimCompany,1,,FW_CMP,12,
DimCompany,1,,FW_CMP_DUP,-1,
Financial,1,,FW_FIN,1534,
Financial,1,,FW_FIN_DUP,-1,
DimSecurity,1,,FW_SEC,19,
DimSecurity,1,,FW_SEC_DUP,-1,
DimCompany,1,,FW_CMP,12,
DimCompany,1,,FW_CMP_DUP,-1,
Financial,1,,FW_FIN,1543,
Financial,1,,FW_FIN_DUP,-1,
DimSecurity,1,,FW_SEC,19,
DimSecurity,1,,FW_SEC_DUP,-1,
DimCompany,1,,FW_CMP,12,
DimCompany,1,,FW_CMP_DUP,-1,
Financial,1,,FW_FIN,1552,
Financial,1,,FW_FIN_DUP,-1,
DimSecurity,1,,FW_SEC,19,
DimSecurity,1,,FW_SEC_DUP,-1,
DimCompany,1,,FW_CMP,12,
DimCompany,1,,FW_CMP_DUP,-1,
Financial,1,,FW_FIN,1561,
Financial,1,,FW_FIN_DUP,-1,
DimSecurity,1,,FW_SEC,19,
DimSecurity,1,,FW_SEC_DUP,-1,
DimCompany,1,,FW_CMP,12,
DimCompany,1,,FW_CMP_DUP,-1,
Financial,1,,FW_FIN,1570,
Financial,1,,FW_FIN_DUP,-1,
DimSecurity,1,,FW_SEC,19,
DimSecurity,1,,FW_SEC_DUP,-1,
DimCompany,1,,FW_CMP,12,
DimCompany,1,,FW_CMP_DUP,-1,
Financial,1,,FW_FIN,1579,
Financial,1,,FW_FIN_DUP,-1,
DimSecurity,1,,FW_SEC,19,
DimSecurity,1,,FW_SEC_DUP,-1,
DimCompany,1,,FW_CMP,12,
DimCompany,1,,FW_CMP_DUP,-1,
Financial,1,,FW_FIN,1588,
Financial,1,,FW_FIN_DUP,-1,
DimSecurity,1,,FW_SEC,19,
DimSecurity,1,,FW_SEC_DUP,-1,
DimCompany,1,,FW_CMP,12,
DimCompany,1,,FW_CMP_DUP,-1,
Financial,1,,FW_FIN,1597,
Financial,1,,FW_FIN_DUP,-1,
DimSecurity,1,,FW_SEC,19,
DimSecurity,1,,FW_SEC_DUP,-1,
DimCompany,1,,FW_CMP,12,
DimCompany,1,,FW_CMP_DUP,-1,
Financial,1,,FW_FIN,1606,
Financial,1,,FW_FIN_DUP,-1,
DimSecurity,1,,FW_SEC,19,
DimSecurity,1,,FW_SEC_DUP,-1,
DimCompany,1,,FW_CMP,12,
DimCompany,1,,FW_CMP_DUP,-1,
Financial,1,,FW_FIN,1615,
Financial,1,,FW_FIN_DUP,-1,
DimSecurity,1,,FW_SEC,19,
DimSecurity,1,,FW_SEC_DUP,-1,
DimCompany,1,,FW_CMP,12,
DimCompany,1,,FW_CMP_DUP,-1,
Financial,1,,FW_FIN,1624,
Financial,1,,FW_FIN_DUP,-1,
DimSecurity,1,,FW_SEC,19,
DimSecurity,1,,FW_SEC_DUP,-1,
DimCompany,1,,FW_CMP,12,
DimCompany,1,,FW_CMP_DUP,-1,
Financial,1,,FW_FIN,1633,
Financial,1,,FW_FIN_DUP,-1,
DimSecurity,1,,FW_SEC,19,
DimSecurity,1,,FW_SEC_DUP,-1,
DimCompany,1,,FW_CMP,12,
DimCompany,1,,FW_CMP_DUP,-1,
Financial,1,,FW_FIN,1642,
Financial,1,,FW_FIN_DUP,-1,
DimSecurity,1,,FW_SEC,19,
DimSecurity,1,,FW_SEC_DUP,-1,
DimCompany,1,,FW_CMP,12,
DimCompany,1,,FW_CMP_DUP,-1,
Financial,1,,FW_FIN,1651,
Financial,1,,FW_FIN_DUP,-1,
DimSecurity,1,,FW_SEC,19,
DimSecurity,1,,FW_SEC_DUP,-1,
DimCompany,1,,FW_CMP,12,
DimCompany,1,,FW_CMP_DUP,-1,
Financial,1,,FW_FIN,1660,
Financial,1,,FW_FIN_DUP,-1,
DimSecurity,1,,FW_SEC,19,
DimSecurity,1,,FW_SEC_DUP,-1,
DimCompany,1,,FW_CMP,12,
DimCompany,1,,FW_CMP_DUP,-1,
Financial,1,,FW_FIN,1669,
Financial,1,,FW_FIN_DUP,-1,
DimSecurity,1,,FW_SEC,19,
DimSecurity,1,,FW_SEC_DUP,-1,
DimCompany,1,,FW_CMP,12,
DimCompany,1,,FW_CMP_DUP,-1,
Financial,1,,FW_FIN,1678,
Financial,1,,FW_FIN_DUP,-1,
DimSecurity,1,,FW_SEC,19,
DimSecurity,1,,FW_SEC_DUP,-1,
DimCompany,1,,FW_CMP,12,
DimCompany,1,,FW_CMP_DUP,-1,
Financial,1,,FW_FIN,1687,
Financial,1,,FW_FIN_DUP,-1,
DimSecurity,1,,FW_SEC,19,
DimSecurity,1,,FW_SEC_DUP,-1,
DimCompany,1,,FW_CMP,12,
DimCompany,1,,FW_CMP_DUP,-1,
Financial,1,,FW_FIN,1696,
Financial,1,,FW_FIN_DUP,-1,
DimSecurity,1,,FW_SEC,19,
DimSecurity,1,,FW_SEC_DUP,-1,
DimCompany,1,,FW_CMP,12,
DimCompany,1,,FW_CMP_DUP,-1,
Financial,1,,FW_FIN,1705,
Financial,1,,FW_FIN_DUP,-1,
DimSecurity,1,,FW_SEC,19,
DimSecurity,1,,FW_SEC_DUP,-1,
DimCompany,1,,FW_CMP,12,
DimCompany,1,,FW_CMP_DUP,-1,
Financial,1,,FW_FIN,1714,
Financial,1,,FW_FIN_DUP,-1,
DimSecurity,1,,FW_SEC,19,
DimSecurity,1,,FW_SEC_DUP,-1,
DimCompany,1,,FW_CMP,12,
DimCompany,1,,FW_CMP_DUP,-1,
Financial,1,,FW_FIN,1723,
Financial,1,,FW_FIN_DUP,-1,
DimSecurity,1,,FW_SEC,19,
DimSecurity,1,,FW_SEC_DUP,-1,
DimCompany,1,,FW_CMP,12,
DimCompany,1,,FW_CMP_DUP,-1,
Financial,1,,FW_FIN,1732,
Financial,1,,FW_FIN_DUP,-1,
DimSecurity,1,,FW_SEC,19,
DimSecurity,1,,FW_SEC_DUP,-1,
DimCompany,1,,FW_CMP,12,
DimCompany,1,,FW_CMP_DUP,-1,
Financial,1,,FW_FIN,1741,
Financial,1,,FW_FIN_DUP,-1,
DimSecurity,1,,FW_SEC,19,
DimSecurity,1,,FW_SEC_DUP,-1,
DimCompany,1,,FW_CMP,12,
DimCompany,1,,FW_CMP_DUP,-1,
Financial,1,,FW_FIN,1750,
Financial,1,,FW_FIN_DUP,-1,
DimSecurity,1,,FW_SEC,19,
DimSecurity,1,,FW_SEC_DUP,-1,
DimCompany,1,,FW_CMP,12,
DimCompany,1,,FW_CMP_DUP,-1,
Financial,1,,FW_FIN,1759,
Financial,1,,FW_FIN_DUP,-1,
DimSecurity,1,,FW_SEC,19,
DimSecurity,1,,FW_SEC_DUP,-1,
DimCompany,1,,FW_CMP,12,
DimCompany,1,,FW_CMP_DUP,-1,
Financial,1,,FW_FIN,1768,
Financial,1,,FW_FIN_DUP,-1,
DimSecurity,1,,FW_SEC,19,
DimSecurity,1,,FW_SEC_DUP,-1,
DimCompany,1,,FW_CMP,12,
DimCompany,1,,FW_CMP_DUP,-1,
Financial,1,,FW_FIN,1777,
Financial,1,,FW_FIN_DUP,-1,
DimSecurity,1,,FW_SEC,19,
DimSecurity,1,,FW_SEC_DUP,-1,
DimCompany,1,,FW_CMP,12,
DimCompany,1,,FW_CMP_DUP,-1,
Financial,1,,FW_FIN,1786,
Financial,1,,FW_FIN_DUP,-1,
DimSecurity,1,,FW_SEC,19,
DimSecurity,1,,FW_SEC_DUP,-1,
DimCompany,1,,FW_CMP,12,
DimCompany,1,,FW_CMP_DUP,-1,
Financial,1,,FW_FIN,1795,
Financial,1,,FW_FIN_DUP,-1,
DimSecurity,1,,FW_SEC,19,
DimSecurity,1,,FW_SEC_DUP,-1,
DimCompany,1,,FW_CMP,12,
DimCompany,1,,FW_CMP_DUP,-1,
Financial,1,,FW_FIN,1804,
Financial,1,,FW_FIN_DUP,-1,
DimSecurity,1,,FW_SEC,19,
DimSecurity,1,,FW_SEC_DUP,-1,
DimCompany,1,,FW_CMP,12,
DimCompany,1,,FW_CMP_DUP,-1,
Financial,1,,FW_FIN,1813,
Financial,1,,FW_FIN_DUP,-1,
DimSecurity,1,,FW_SEC,19,
DimSecurity,1,,FW_SEC_DUP,-1,
DimCompany,1,,FW_CMP,12,
DimCompany,1,,FW_CMP_DUP,-1,
Financial,1,,FW_FIN,1822,
Financial,1,,FW_FIN_DUP,-1,
DimSecurity,1,,FW_SEC,19,
DimSecurity,1,,FW_SEC_DUP,-1,
DimCompany,1,,FW_CMP,12,
DimCompany,1,,FW_CMP_DUP,-1,
Financial,1,,FW_FIN,1831,
Financial,1,,FW_FIN_DUP,-1,
DimSecurity,1,,FW_SEC,19,
DimSecurity,1,,FW_SEC_DUP,-1,
DimCompany,1,,FW_CMP,12,
DimCompany,1,,FW_CMP_DUP,-1,
Financial,1,,FW_FIN,1840,
Financial,1,,FW_FIN_DUP,-1,
DimSecurity,1,,FW_SEC,19,
DimSecurity,1,,FW_SEC_DUP,-1,
DimCompany,1,,FW_CMP,12,
DimCompany,1,,FW_CMP_DUP,-1,
Financial,1,,FW_FIN,1849,
Financial,1,,FW_FIN_DUP,-1,
DimSecurity,1,,FW_SEC,19,
DimSecurity,1,,FW_SEC_DUP,-1,
DimCompany,1,,FW_CMP,12,
DimCompany,1,,FW_CMP_DUP,-1,
Financial,1,,FW_FIN,1858,
Financial,1,,FW_FIN_DUP,-1,
DimSecurity,1,,FW_SEC,19,
DimSecurity,1,,FW_SEC_DUP,-1,
DimCompany,1,,FW_CMP,12,
DimCompany,1,,FW_CMP_DUP,-1,
Financial,1,,FW_FIN,1867,
Financial,1,,FW_FIN_DUP,-1,
DimSecurity,1,,FW_SEC,19,
DimSecurity,1,,FW_SEC_DUP,-1,
DimCompany,1,,FW_CMP,12,
DimCompany,1,,FW_CMP_DUP,-1,
Financial,1,,FW_FIN,1876,
Financial,1,,FW_FIN_DUP,-1,
DimSecurity,1,,FW_SEC,19,
DimSecurity,1,,FW_SEC_DUP,-1,
DimCompany,1,,FW_CMP,12,
DimCompany,1,,FW_CMP_DUP,-1,
Financial,1,,FW_FIN,1885,
Financial,1,,FW_FIN_DUP,-1,
FactHoldings,1,,HH_RECORDS,602956,
DimBroker,1,,HR_BROKERS,7144,
Prospect,1,,P_C_MATCHING,7790,
Prospect,1,,P_RECORDS,24970,
Prospect,1,,P_NEW,24970,
DimTradeHistory,1,,TH_Records,1634784,
DimTradeHistory,1,,TH_TLBTrades,561421,
DimTradeHistory,1,,TH_TLSTrades,554525,
DimTradeHistory,1,,TH_TMBTrades,261030,
DimTradeHistory,1,,TH_TMSTrades,257808,
DimTradeHistory,1,,TH_CanceledLTrades,37879,
DimTrade,1,,T_Records,650412,
DimTrade,1,,T_NEW,650412,
DimTrade,1,,T_CanceledTrades,37879,
DimTrade,1,,T_InvalidCommision,81,
DimTrade,1,,T_InvalidCharge,57,
FactWatches,1,,WH_ACTIVE,1201031,
FactWatches,1,,WH_RECORDS,1500311,
